filename,total_reads,total_bp,total_Gbp,min,max,mean,quartile_25,quartile_50,quartile_75,N25,N50,N75,ntsm_score,ntsm_result,bam_file,MM_tag,ML_tag,sample_ID
HG00706_m84091_230817_140121_s1.hifi_reads.bc1011.bam,3932816,78589493715,78.59,82,63607,19983,16605,19134,22560,17349,20221,24055,0.513192,Similar,m84091_230817_140121_s1.hifi_reads.bc1011.bam,True,True,HG00706
HG02668_m84091_230804_170925_s2.hifi_reads.bc1010.bam,5188311,97156169119,97.16,64,57756,18725,16051,17971,20815,16510,18719,21920,0.518245,Similar,m84091_230804_170925_s2.hifi_reads.bc1010.bam,True,True,HG02668
HG03804_m84091_230804_181137_s4.hifi_reads.bc1002.bam,5662300,104078927880,104.08,58,67004,18381,15669,17595,20400,16091,18311,21411,0.506365,Similar,m84091_230804_181137_s4.hifi_reads.bc1002.bam,True,True,HG03804
HG03816_m84091_230802_183430_s4.hifi_reads.bc1009.bam,4317671,80309889302,80.31,53,58067,18600,15760,17762,20609,16232,18532,21722,0.503644,Similar,m84091_230802_183430_s4.hifi_reads.bc1009.bam,True,True,HG03816
HG04157_m84091_230817_143140_s2.hifi_reads.bc1008.bam,4200056,79143303006,79.14,92,58048,18843,15831,17986,21000,16379,18837,22245,0.525167,Similar,m84091_230817_143140_s2.hifi_reads.bc1008.bam,True,True,HG04157
HG04160_m84091_230802_180324_s3.hifi_reads.bc1003.bam,4337385,84007295438,84.01,69,54941,19368,16177,18481,21651,16777,19409,22975,0.472,Similar,m84091_230802_180324_s3.hifi_reads.bc1003.bam,True,True,HG04160
HG04187_m84091_230802_173218_s2.hifi_reads.bc1001.bam,4698462,87904631234,87.9,51,58559,18709,15524,17982,21231,16293,19041,22667,0.517141,Similar,m84091_230802_173218_s2.hifi_reads.bc1001.bam,True,True,HG04187
